Id,URL,Tag
9,https://github.com/ubergeek42/weechat-android/commit/79575f1,Added Missing Comments
60,https://github.com/hibernate/hibernate-search/commit/95212c659,Improved Wording of Comments
79,https://github.com/restlet/restlet-framework-java/commit/f4f3d31e2,Fixed Typos
91,https://github.com/aosp-mirror/platform_frameworks_base/commit/57ae55cbeff,Updated Comment to Better Detail the Application Logic
107,https://github.com/ArcBees/GWTP/commit/656406523,Updated Comment to Fix Wrong Return Type in Example Code
110,https://github.com/kickstarter/android-oss/commit/4ac37f89,Deleted Technical Debt Comment with Added Code Implementation
116,https://github.com/ervandew/eclim/commit/c659fcacc,FALSE POSITIVE
143,https://github.com/IQSS/dataverse/commit/deb85aec3,Updated Comment to Better Match the Application Logic
151,https://github.com/opentripplanner/OpenTripPlanner/commit/9a92eddd7,Deleted Technical Debt Comment to Update Outdated Information
152,https://github.com/openpnp/openpnp/commit/8bc09b1448,FALSE POSITIVE
153,https://github.com/stanfordnlp/CoreNLP/commit/0f761c9a9,Added Missing Comments and Deleted Comments
157,https://github.com/bobbylight/RSyntaxTextArea/commit/e81c8b3,FALSE POSITIVE
163,https://github.com/wordpress-mobile/WordPress-Android/commit/ab3cb9e6f7,Updated Misleading Comment to Describe the Correct Behavior
166,https://github.com/apache/ofbiz/commit/06440d35ce,Updated Comment to Better Explain Methods Usage
180,https://github.com/TEAMMATES/teammates/commit/90b88666e,FALSE POSITIVE
214,https://github.com/JetBrains/MPS/commit/96ca3f4944d3,FALSE POSITIVE
220,https://github.com/HubSpot/Singularity/commit/7a9bde531,Add @deprecated to Javadoc of Deprecated Methods
230,https://github.com/Adobe-Consulting-Services/acs-aem-commons/commit/11cb5767,FALSE POSITIVE
253,https://github.com/Azure/azure-sdk-for-java/commit/b38dfba21a,Added Missing Comments
262,https://github.com/processing/processing/commit/f334b37be,"Deleted Technical Debt Comment (e.g., TODO, TOFIX)"
279,https://github.com/openmrs/openmrs-core/commit/0e72cf5c8,Replaced Automatically Generated Comment With Manually Written One
280,https://github.com/intuit/karate/commit/b3a65a10,FALSE POSITIVE
309,https://github.com/elastic/elasticsearch/commit/84dd719ab9a,Deleted Outdated Comment
310,https://github.com/Alluxio/alluxio/commit/75c0c20640,"Added Technical Debt Comment (e.g., TODO, TOFIX)"
314,https://github.com/apache/jena/commit/69ef0a7cd1,Unclear
341,https://github.com/classgraph/classgraph/commit/987128bc,Updated Comment to Better Detail the Application Logic
345,https://github.com/oyachai/HearthSim/commit/b9cee4d4,Deleted Outdated Comment
347,https://github.com/Alluxio/alluxio/commit/565ed440a3,Improved Formatting of Comments
348,https://github.com/Alluxio/alluxio/commit/4a3b898ec0,Updated Comment To Match the New Application Logic
368,https://github.com/intuit/wasabi/commit/8e729703,Updated Comment to Match New Method Signature
369,https://github.com/apache/jena/commit/fa57ed918c,Updated Comment to Match Renamed Variables/Methods
375,https://github.com/watson-developer-cloud/java-sdk/commit/571b7782e2,FALSE POSITIVE
379,https://github.com/rstudio/rstudio/commit/a660ce37d6,Updated Comment to Match New Method Signature
382,https://github.com/networknt/light-4j/commit/ece631a3,Added Comments Explaining the Rationale for Implementation Choice
387,https://github.com/caprica/vlcj/commit/d8c34c17,"Deleted Technical Debt Comment (e.g., TODO, TOFIX)"
391,https://github.com/classgraph/classgraph/commit/e663b366,Updated Comment to Better Match the Application Logic
407,https://github.com/tinkerpop/gremlin/commit/8b373633,FALSE POSITIVE
429,https://github.com/apache/wicket/commit/3d6e02bf71,Unclear
467,https://github.com/networknt/light-4j/commit/6e640839,Improved Wording of Comments
468,https://github.com/jclouds/legacy-jclouds/commit/ac0e5f5e67,FALSE POSITIVE
505,https://github.com/apache/tomcat/commit/710bc4a0d,Updated Comment to Match Method/Variable Name
518,https://github.com/javaparser/javaparser/commit/c1cde434c,"Deleted Technical Debt Comment (e.g., TODO, TOFIX)"
523,https://github.com/TEAMMATES/teammates/commit/444d0f6ea,Updated Comment To Match the New Application Logic
530,https://github.com/watson-developer-cloud/java-sdk/commit/6c14e27056,Improved Wording of Comments
532,https://github.com/unofficial-openjdk/openjdk/commit/81c37b50179,Updated Comment to Correct Wrong Description
537,https://github.com/tinkerpop/blueprints/commit/329558bf,"Deleted Technical Debt Comment (e.g., TODO, TOFIX)"
548,https://github.com/material-components/material-components-android/commit/b0d6827e,Added Comments to Warn about the Usage of Specific API
566,https://github.com/sakaiproject/sakai/commit/e529ea0202,FALSE POSITIVE
582,https://github.com/square/wire/commit/45dd2bc7,Unclear
588,https://github.com/wordpress-mobile/WordPress-Android/commit/a9f19a74c4,Added Missing Comments
590,https://github.com/apache/nifi/commit/8e1c79eaa,Added Comment for New Code
596,https://github.com/apache/groovy/commit/8341c825fa,Updated Outdated Comment
628,https://github.com/igvteam/igv/commit/7ff842670,Modified Authorship
663,https://github.com/mgarin/weblaf/commit/d80b3bd5,Added Comment for New Code
665,https://github.com/blazegraph/database/commit/8bafa6025,"Updated Technical Debt Comment (e.g., TODO, TOFIX)"
706,https://github.com/confluentinc/kafka-streams-examples/commit/3e66a17,FALSE POSITIVE
713,https://github.com/aosp-mirror/platform_packages_apps_settings/commit/b50f723964,"Updated Technical Debt Comment (e.g., TODO, TOFIX)"
725,https://github.com/qaprosoft/carina/commit/9955bb0d,FALSE POSITIVE
733,https://github.com/apache/tomcat/commit/9ae13fca3,"Updated Technical Debt Comment (e.g., TODO, TOFIX)"
741,https://github.com/wyvernlang/wyvern/commit/b67bca90,Added Comment for New Code
748,https://github.com/code4craft/webmagic/commit/e7c9ba8,FALSE POSITIVE
751,https://github.com/apache/incubator-skywalking/commit/3eeacb1ae,Improved Wording of Comments
755,https://github.com/apache/cxf/commit/833386f005,"Deleted Technical Debt Comment (e.g., TODO, TOFIX)"
757,https://github.com/apache/log4j/commit/2cb4983c,Deleted Technical Debt Comment with Updated Code Implementation
769,https://github.com/erickok/transdroid/commit/2553113,Updated Comment to Match New Design of Code
776,https://github.com/hibernate/hibernate-validator/commit/4c8115165,Updated Comment To Match the New Application Logic
780,https://github.com/ReactiveX/RxNetty/commit/75b2ddd6,Updated Comment To Match the New Application Logic
782,https://github.com/javalite/activejdbc/commit/577256d9,"Added Technical Debt Comment (e.g., TODO, TOFIX)"
825,https://github.com/confluentinc/schema-registry/commit/1fdb9e33,FALSE POSITIVE
843,https://github.com/Etar-Group/Etar-Calendar/commit/4ee6b808,Updated Comment to Better Detail the Application Logic
852,https://github.com/Esri/arcgis-runtime-samples-android/commit/3a865b12,Updated Comment to Match Renamed Variables/Methods
863,https://github.com/rstudio/rstudio/commit/63e65a62ef,"Deleted Technical Debt Comment (e.g., TODO, TOFIX)"
909,https://github.com/OneBusAway/onebusaway-android/commit/023bf3e0,"Updated Technical Debt Comment (e.g., TODO, TOFIX)"
910,https://github.com/apache/karaf/commit/ef83085494,Remove Useless/Junk Comments
953,https://github.com/nayuki/QR-Code-generator/commit/028b377,Updated Comment of Code Structure Due to Code Change
956,https://github.com/xwiki/xwiki-platform/commit/079b363a3b,Added Comment for New Code
966,https://github.com/gchq/Gaffer/commit/8b6e778553,Added Comment for New Code
967,https://github.com/freenet/fred/commit/22e52eeec,FALSE POSITIVE
982,https://github.com/findbugsproject/findbugs/commit/510030f56,Updated Comment to Better Detail the Application Logic
984,https://github.com/ballerina-platform/ballerina-lang/commit/974bb1482f,Specified meaning of Methods parameter
1021,https://github.com/Azure/azure-sdk-for-java/commit/4364551c0f,FALSE POSITIVE
1033,https://github.com/FreeTymeKiyan/LeetCode-Sol-Res/commit/8bc1930,Added Comments Explaining the Rationale for Implementation Choice
1035,https://github.com/vespa-engine/vespa/commit/7ed7730f70,Fixed Typos
1066,https://github.com/facebook/buck/commit/9ac2a1815e,Updated Comment to Fix Wrong Link
1137,https://github.com/gwtproject/gwt/commit/b69c3e769,Added Comment for New Code
1149,https://github.com/Netflix/eureka/commit/10a37ff0,FALSE POSITIVE
1170,https://github.com/wordpress-mobile/WordPress-Android/commit/49ca7ce943,FALSE POSITIVE
1171,https://github.com/forcedotcom/phoenix/commit/5a1f44dd,Update Comment to Make It More Concise
1174,https://github.com/classgraph/classgraph/commit/7206e018,Updated Comment to Correct Wrong Description
1190,https://github.com/OpenLiberty/open-liberty/commit/899b2567b,FALSE POSITIVE
1203,https://github.com/h2database/h2database/commit/cf68e5d01,Updated Comment to Match Renamed Variables/Methods
1247,https://github.com/stanfordnlp/CoreNLP/commit/5bc66cfdd,Added Parameters Example in Method Comment
1255,https://github.com/cymcsg/UltimateRecyclerView/commit/4b1167d,General Improvement of Javadoc Comments (i.e. for the purpose to improve Javadoc of the project)
1256,https://github.com/freenet/fred/commit/d298ff69d,"Updated Technical Debt Comment (e.g., TODO, TOFIX)"
1259,https://github.com/Pi4J/pi4j/commit/bf12e7c8,Updated Comment to Better Match the Application Logic
1267,https://github.com/Pi4J/pi4j/commit/d4cff3e8,FALSE POSITIVE
1268,https://github.com/CyanogenMod/android_frameworks_base/commit/f706ef857bd,Updated Comment to Better Detail the Application Logic
1270,https://github.com/unofficial-openjdk/openjdk/commit/f8b1951e79a,Updated Comment to Better Match the Application Logic
1275,https://github.com/mvel/mvel/commit/7ef7a6cf,Added Missing Comments
1287,https://github.com/classgraph/classgraph/commit/526b3f12,Update Copyright/License
1315,https://github.com/deeplearning4j/dl4j-examples/commit/4a495724,Delete Commented Code
1316,https://github.com/oracle/graal/commit/ffd0bf4db1b,Updated Comment To Match the New Application Logic
1333,https://github.com/UniversalMediaServer/UniversalMediaServer/commit/f7a5ac4ac,"Deleted Technical Debt Comment (e.g., TODO, TOFIX)"
1351,https://github.com/ata4/disunity/commit/00a0cb5,Relocate Comment to Better Match the Application Logic
1355,https://github.com/apache/tomcat/commit/402e4f9a0,Update Comment Due to Change in Underlying Framework/Library
1375,https://github.com/BuildCraft/BuildCraft/commit/4279fdb31,"Deleted Technical Debt Comment (e.g., TODO, TOFIX)"
1378,https://github.com/kite-sdk/kite/commit/1928f544a,General Improvement of Javadoc Comments (i.e. for the purpose to improve Javadoc of the project)
1397,https://github.com/wordpress-mobile/WordPress-Android/commit/1335256bf4,Updated Comment to Match Renamed Variables/Methods
1413,https://github.com/wikimedia/apps-android-wikipedia/commit/1753df8f4,Added Comment for New Code
1420,https://github.com/typetools/checker-framework/commit/e370fbb6a,FALSE POSITIVE
1424,https://github.com/TEAMMATES/teammates/commit/a034a4292,FALSE POSITIVE
1435,https://github.com/TEAMMATES/teammates/commit/2edd4beea,"Added Technical Debt Comment (e.g., TODO, TOFIX)"
1437,https://github.com/blazegraph/database/commit/ba62a3c8a,Uncomment Code
1445,https://github.com/j256/ormlite-core/commit/7635c3eb,Updated Comment to Better Detail the Application Logic
1449,https://github.com/openmrs/openmrs-core/commit/d2f82a4f0,Updated Comment to Better Detail the Application Logic
1454,https://github.com/opentripplanner/OpenTripPlanner/commit/41ae6ce2e,Updated Comment To Match the New Application Logic
1512,https://github.com/gchq/Gaffer/commit/98091eedc1,FALSE POSITIVE
1515,https://github.com/gerrit-review/gerrit/commit/acefc3d425,Relocate Comment to Better Match the Application Logic
1521,https://github.com/processing/processing/commit/5ad8de77e,Updated Comment to Better Match the Application Logic
1523,https://github.com/alkacon/opencms-core/commit/fce8fc8166,Updated Revision Number in Comment
1529,https://github.com/wro4j/wro4j/commit/cd01c623d,Added Comments Explaining the Rationale for Implementation Choice
1535,https://github.com/couchbase/couchbase-lite-android/commit/a5911fc4,Updated Comment to Better Match the Application Logic
1539,https://github.com/phishman3579/java-algorithms-implementation/commit/3b6b566,Updated Comment to Better Detail the Application Logic
1543,https://github.com/apache/parquet-mr/commit/60c65126,FALSE POSITIVE
1546,https://github.com/opennetworkinglab/onos/commit/f6d1676103,FALSE POSITIVE
1563,https://github.com/nayuki/Project-Euler-solutions/commit/4f718f1,Added Comments Explaining the Rationale for Implementation Choice
1566,https://github.com/sleuthkit/autopsy/commit/60f82ae28,"Deleted Technical Debt Comment (e.g., TODO, TOFIX)"
1573,https://github.com/hazelcast/hazelcast/commit/ed0eda49bf,Add Comment to Explain Suppression of Sonar Warning
1583,https://github.com/BroadleafCommerce/BroadleafCommerce/commit/efb4b9ac15,Fixed Typos
1586,https://github.com/alkacon/opencms-core/commit/7a51322be7,"Deleted Technical Debt Comment (e.g., TODO, TOFIX)"
1591,https://github.com/Azure/azure-sdk-for-java/commit/dc80e242b1,FALSE POSITIVE
1592,https://github.com/mybatis/spring/commit/fa3aac37,Improved Wording of Comments
1593,https://github.com/elki-project/elki/commit/c7519ab97,Added Missing Comments
1603,https://github.com/findbugsproject/findbugs/commit/f2d2d3a00,Updated Misleading Comment to Describe the Correct Behavior
1608,https://github.com/unofficial-openjdk/openjdk/commit/b598f806aed,Updated Comment to Fix Wrong Referenced Bug Id
1616,https://github.com/apache/apex-core/commit/d556d8e2a,"Deleted Technical Debt Comment (e.g., TODO, TOFIX)"
1630,https://github.com/Alluxio/alluxio/commit/63faec6f2e,FALSE POSITIVE
1634,https://github.com/kiegroup/jbpm/commit/70cee7338,FALSE POSITIVE
1647,https://github.com/sleuthkit/autopsy/commit/0f0dd4462,Updated Comment to Better Detail the Application Logic
1652,https://github.com/apache/apex-core/commit/1bda2bfc8,Update Copyright/License
1653,https://github.com/BroadleafCommerce/BroadleafCommerce/commit/98e454188c,Added Missing Comments
1701,https://github.com/antlr/antlr4/commit/343d0f90b,Updated Comment to Better Detail the Application Logic
1716,https://github.com/jitsi/libjitsi/commit/c98324fe,Updated Misleading Comment to Describe the Correct Behavior
1724,https://github.com/apereo/cas/commit/6f32be744a8,Updated Comment to Better Detail the Application Logic
1730,https://github.com/aosp-mirror/platform_frameworks_base/commit/b2920572828,Updated Comment to Better Detail the Application Logic
1732,https://github.com/imagej/imagej/commit/e0b9a586a,"Added Technical Debt Comment (e.g., TODO, TOFIX)"
1750,https://github.com/apache/incubator-gobblin/commit/726acca0d,FALSE POSITIVE
1775,https://github.com/neo4j/neo4j/commit/83fe85833a4,Deleted Outdated Comment
1776,https://github.com/freenet/fred/commit/0bfb5eba6,FALSE POSITIVE
1777,https://github.com/i2p/i2p.i2p/commit/c93ccd15e,Fixed Typos
1778,https://github.com/intuit/wasabi/commit/0553db03,FALSE POSITIVE
1797,https://github.com/openpnp/openpnp/commit/807c011bc3,FALSE POSITIVE
1812,https://github.com/rstudio/rstudio/commit/0aad9339b9,"Updated Technical Debt Comment (e.g., TODO, TOFIX)"
1821,https://github.com/xwiki/xwiki-platform/commit/f35d81cd7c,"Updated Technical Debt Comment (e.g., TODO, TOFIX)"
1856,https://github.com/lucee/Lucee/commit/b84c88f8,Add Comment to Explain Unusual Naming
1915,https://github.com/javaee/glassfish/commit/7902aeb3f2,"Updated Technical Debt Comment (e.g., TODO, TOFIX)"
1925,https://github.com/nayuki/QR-Code-generator/commit/4c88263,Simplified Comments
1935,https://github.com/nextcloud/android/commit/a22288275,Updated Comment to Fix Supported Version
1971,https://github.com/BaseXdb/basex/commit/fc9935567,Improved Wording of Comments
1972,https://github.com/apache/camel/commit/ae47914a4d7,FALSE POSITIVE
1983,https://github.com/plutext/docx4j/commit/9b692a62,Updated Misleading Comment to Describe the Correct Behavior
2004,https://github.com/realm/realm-java/commit/4a65304ab,Improved Wording of Comments
2006,https://github.com/apache/wicket/commit/327f911728,Fixed Typos
2043,https://github.com/gchq/Gaffer/commit/0ee0388a9b,FALSE POSITIVE
2062,https://github.com/findbugsproject/findbugs/commit/906b4d22c,Update Comment of Deprecated Class
2065,https://github.com/voldemort/voldemort/commit/9bc915912,FALSE POSITIVE
2112,https://github.com/brianwernick/ExoMedia/commit/1a50253,Added Missing Comments and Deleted Comments
2117,https://github.com/Alluxio/alluxio/commit/e412eb51bc,Updated Comment to Match Method/Variable Name
2132,https://github.com/alkacon/opencms-core/commit/229365ff70,Added Comment to Better Detail the Application Logic
2136,https://github.com/DataSketches/sketches-core/commit/352eb280,Improved Formatting of Comments
2137,https://github.com/meganz/android/commit/6cbdfc79c,"Added Technical Debt Comment (e.g., TODO, TOFIX)"
2139,https://github.com/neo4j/neo4j/commit/3a86b410f0d,FALSE POSITIVE
2142,https://github.com/consulo/consulo/commit/0e788da9ab2,Added Comment for New Code
2144,https://github.com/jitsi/jitsi/commit/4dbf5cd1f,"Deleted Technical Debt Comment (e.g., TODO, TOFIX)"
2167,https://github.com/naver/yobi/commit/6e669fec,FALSE POSITIVE
2184,https://github.com/opentripplanner/OpenTripPlanner/commit/9233dbfa4,Updated Comment To Match the New Application Logic
2194,https://github.com/sleuthkit/autopsy/commit/a82c68d15,Added Missing Comments
2196,https://github.com/apache/jena/commit/2f6d68b631,"Deleted Technical Debt Comment (e.g., TODO, TOFIX)"
2199,https://github.com/i2p/i2p.i2p/commit/6670209cb,Unclear
2204,https://github.com/aosp-mirror/platform_frameworks_base/commit/5aa95dd36cd,Updated Comment to Match Method/Variable Name
2213,https://github.com/javaee/glassfish/commit/3a74a2f2a6,Added Comment for New Code
2248,https://github.com/freenet/fred/commit/65e0dfb70,FALSE POSITIVE
2266,https://github.com/Sable/soot/commit/ef666f005,FALSE POSITIVE
2270,https://github.com/spring-projects/spring-data-solr/commit/f7d5f83,Add Authorship
2275,https://github.com/bitcoinj/bitcoinj/commit/e91cc443,Updated Comment to Replace Reference to Deprecated Class/Method
2281,https://github.com/intuit/wasabi/commit/b0162238,Added Comment for New Code
2283,https://github.com/apache/incubator-heron/commit/4c924a0f6,Unclear
2313,https://github.com/sleuthkit/autopsy/commit/53375b6cb,Added Comments to Warn about the Usage of Specific API
2317,https://github.com/google/j2objc/commit/e217ae371,FALSE POSITIVE
2319,https://github.com/apereo/cas/commit/bb9dbae84c1,FALSE POSITIVE
2350,https://github.com/apache/incubator-gobblin/commit/16e4c17a9,FALSE POSITIVE
2361,https://github.com/nayuki/QR-Code-generator/commit/12360be,Updated Comment to Correct Wrong Description
2382,https://github.com/SonarSource/sonarqube/commit/63eb4c886e,Updated Misleading Comment to Describe the Correct Behavior
2383,https://github.com/apache/jmeter/commit/8b581e707,Updated Misleading Comment to Describe the Correct Behavior
2391,https://github.com/opentripplanner/OpenTripPlanner/commit/d50b2e668,Updated Misleading Comment to Describe the Correct Behavior
2410,https://github.com/sakaiproject/sakai/commit/d53fa0c49c,Updated Comment to Match Method/Variable Name
2412,https://github.com/Alluxio/alluxio/commit/9c9aed0de9,FALSE POSITIVE
2418,https://github.com/Alluxio/alluxio/commit/0f9360820e,Updated Comment Because of Change in the Test Execution Environment
2425,https://github.com/essentials/Essentials/commit/2c52ed361,Added Missing Comments
2444,https://github.com/TEAMMATES/teammates/commit/e08e7eb48,FALSE POSITIVE
2445,https://github.com/IQSS/dataverse/commit/b8a484864,FALSE POSITIVE
2448,https://github.com/hibernate/hibernate-orm/commit/cf921df1d0,Updated Comment to Better Detail the Application Logic
2461,https://github.com/apache/incubator-skywalking/commit/1edbb81ed,Improved Wording of Comments
2465,https://github.com/google/data-transfer-project/commit/1b365348,Updated Comment to Better Detail the Application Logic
2469,https://github.com/ata4/disunity/commit/b390382,Added Comment for New Code
2474,https://github.com/carrot2/carrot2/commit/c9e669077,Remove Useless/Junk Comments
2482,https://github.com/typetools/checker-framework/commit/84e2056cb,Updated comment to Better Detail the Method Return Value
2483,https://github.com/hibernate/hibernate-orm/commit/838e71a0ee,Updated Comment to Explaining Rationale for Implementation Choice
2484,https://github.com/watson-developer-cloud/java-sdk/commit/b46fabe9dc,FALSE POSITIVE
2485,https://github.com/vespa-engine/vespa/commit/78d7037469,"Added Technical Debt Comment (e.g., TODO, TOFIX)"
2492,https://github.com/carymrobbins/intellij-haskforce/commit/25ee81d5,FALSE POSITIVE
2511,https://github.com/AndlyticsProject/andlytics/commit/824b1ab,FALSE POSITIVE
2518,https://github.com/neo4j/neo4j/commit/dd2abbf5824,Updated Comment to Better Detail the Application Logic
2535,https://github.com/apache/ofbiz/commit/b01bd72574,FALSE POSITIVE
2554,https://github.com/jclouds/jclouds/commit/bc2182ddcf,FALSE POSITIVE
2555,https://github.com/jmrozanec/cron-utils/commit/8e1fc51,Updated Comment to Match Renamed Variables/Methods
2596,https://github.com/VoltDB/voltdb/commit/963f93002b,Updated Comment as Consequence of Refactoring (Replace Magic Number)
2606,https://github.com/freenet/fred/commit/5b0219c61,FALSE POSITIVE
2626,https://github.com/apache/tomcat/commit/7e6a1abc5,"Deleted Technical Debt Comment (e.g., TODO, TOFIX)"
2627,https://github.com/CyanogenMod/android_frameworks_base/commit/2aa2bc531b0,Added Comments to Warn about the Usage of Specific API
2640,https://github.com/restlet/restlet-framework-java/commit/9fce4b018,Improved Formatting of Comments
2641,https://github.com/gerrit-review/gerrit/commit/bf1f5c69c5,FALSE POSITIVE
2648,https://github.com/rstudio/rstudio/commit/3327ad64de,"Updated Technical Debt Comment (e.g., TODO, TOFIX)"
2649,https://github.com/bisq-network/bisq/commit/c6897f730,Update Comment to Document Changed Default Behaviour in Previous Commit
2660,https://github.com/freenet/fred/commit/70c84d3c4,FALSE POSITIVE
2682,https://github.com/google/nomulus/commit/bb87b6e7,"Deleted Technical Debt Comment (e.g., TODO, TOFIX)"
2685,https://github.com/apache/tinkerpop/commit/fde13ed5d9,FALSE POSITIVE
2715,https://github.com/apache/incubator-pinot/commit/2b7adde7b,Added Missing Comments
2757,https://github.com/caprica/vlcj/commit/41162c74,"Updated Technical Debt Comment (e.g., TODO, TOFIX)"
2765,https://github.com/igniterealtime/Openfire/commit/c7b1edaee,Simplified Comments
2782,https://github.com/classgraph/classgraph/commit/4c309924,Improved Wording of Comments
2783,https://github.com/h2oai/h2o-3/commit/e5ae2959dc,Improved Wording of Comments
2791,https://github.com/eishay/jvm-serializers/commit/2e6dbd9,Add Comment to Uncommented Test
2792,https://github.com/freenet/fred/commit/8a082ff4d,FALSE POSITIVE
2798,https://github.com/todoroo/astrid/commit/eae50fdae,FALSE POSITIVE
2812,https://github.com/mozilla/MozStumbler/commit/818f3209,"Updated Technical Debt Comment (e.g., TODO, TOFIX)"
2826,https://github.com/TEAMMATES/teammates/commit/7e206cef1,Added Missing Comments
2828,https://github.com/crate/crate/commit/7b56616dc,Deleted Outdated Comment
2832,https://github.com/osmandapp/Osmand/commit/f96d7ab203,Updated Comment To Match the New Application Logic
2838,https://github.com/sleuthkit/autopsy/commit/75bb8fa61,Update Comment of Deprecated Method
2852,https://github.com/wordpress-mobile/WordPress-Android/commit/5402c7fc6f,Updated Comment to Better Match the Application Logic
2871,https://github.com/VoltDB/voltdb/commit/c15c5e08d3,FALSE POSITIVE
2874,https://github.com/freenet/fred/commit/eb335ba3a,FALSE POSITIVE
2881,https://github.com/essentials/Essentials/commit/bb8ca488d,"Updated Technical Debt Comment (e.g., TODO, TOFIX)"
2884,https://github.com/Esri/arcgis-runtime-samples-android/commit/8af8083b,FALSE POSITIVE
2892,https://github.com/deeplearning4j/dl4j-examples/commit/7d326a2f,FALSE POSITIVE
2904,https://github.com/wordpress-mobile/WordPress-Android/commit/84ded35cd6,Updated Comment to Explaining Rationale for Implementation Choice
2911,https://github.com/freenet/fred/commit/c9e40b41a,FALSE POSITIVE
2929,https://github.com/IQSS/dataverse/commit/24c7a4ef0,Update Comment With Guidelines How to Change The Related Code
2949,https://github.com/pockethub/PocketHub/commit/7c0ddc15,Improved Formatting of Comments
2951,https://github.com/nayuki/QR-Code-generator/commit/a5b6c28,Improved Wording of Comments
2969,https://github.com/apache/cordova-android/commit/dfb89df4,Updated Comment to Match New Design of Code
2997,https://github.com/spring-projects/spring-petclinic/commit/4c859ed,Simplified Comments to Avoid Uptodateness Issues
3002,https://github.com/haifengl/smile/commit/46975262,Updated Comment to use more Standard Terminology
3024,https://github.com/mcMMO-Dev/mcMMO/commit/e82d5db4,Added Comment to Document if Condition
3045,https://github.com/apache/accumulo/commit/9bfef59ff,Improved Wording of Comments
3047,https://github.com/twilio/twilio-java/commit/83db03b3e,Updated Comment to Correct Wrong Description
3049,https://github.com/trifork/erjang/commit/92c29b4e,"Added Technical Debt Comment (e.g., TODO, TOFIX)"
3051,https://github.com/igniterealtime/Openfire/commit/e9fcc7c8b,Updated Comment to Better Match the Application Logic
3059,https://github.com/TEAMMATES/teammates/commit/15f72cd24,FALSE POSITIVE
3066,https://github.com/jenkinsci/ghprb-plugin/commit/3498097,FALSE POSITIVE
3079,https://github.com/openhab/openhab2-addons/commit/554210a14,Updated Comment to Better Detail the Application Logic
3084,https://github.com/sakaiproject/sakai/commit/1a7ec2a98c,FALSE POSITIVE
3087,https://github.com/Alluxio/alluxio/commit/9fe7e62c3f,FALSE POSITIVE
3088,https://github.com/jmrozanec/cron-utils/commit/a529b27,FALSE POSITIVE
3093,https://github.com/mit-cml/appinventor-sources/commit/eedf8237,"Added Technical Debt Comment (e.g., TODO, TOFIX)"
3094,https://github.com/JetBrains/android/commit/3b81254b74,Simplified Comments to Avoid Uptodateness Issues
3095,https://github.com/streamsets/datacollector/commit/3a1f285ecd,"Deleted Technical Debt Comment (e.g., TODO, TOFIX)"
3104,https://github.com/hazelcast/hazelcast-code-samples/commit/39331ea8,Uncomment Code
3122,https://github.com/TEAMMATES/teammates/commit/0f2e231cb,"Deleted Technical Debt Comment (e.g., TODO, TOFIX)"
3126,https://github.com/SleepyTrousers/EnderIO/commit/3447a93b5,FALSE POSITIVE
3150,https://github.com/qiniu/java-sdk/commit/9ca4e49,Updated Misleading Comment to Describe the Correct Behavior
3151,https://github.com/aosp-mirror/platform_frameworks_base/commit/7836660f5eb,Added Missing Comments
3156,https://github.com/treasure-data/digdag/commit/e6e4365174,Updated Comment to Better Detail the Application Logic
3195,https://github.com/apache/tomcat/commit/f29c6e945,Updated Comment to Better Detail the Application Logic
3206,https://github.com/groovy/groovy-core/commit/091a05fe6,Unclear
3210,https://github.com/drewnoakes/metadata-extractor/commit/6a9b6fe4,FALSE POSITIVE
3227,https://github.com/mitreid-connect/OpenID-Connect-Java-Spring-Server/commit/741946d1,Updated Comment to Better Match the Application Logic
3233,https://github.com/liferay/liferay-portal/commit/21ad70d53d7e,FALSE POSITIVE
3247,https://github.com/Microsoft/mssql-jdbc/commit/86e15f24,Updated Comment to Better Detail the Application Logic
3254,https://github.com/freenet/fred/commit/adf68c204,Updated Comment to Better Detail the Application Logic
3257,https://github.com/zendesk/maxwell/commit/28f32f6e,Added Comment to Document if Condition
3260,https://github.com/thinkaurelius/titan/commit/da15f294e,Updated Comment to Fix Wrong Link
3271,https://github.com/openmrs/openmrs-core/commit/746a72180,FALSE POSITIVE
3278,https://github.com/DataSketches/sketches-core/commit/33cb935d,Updated Comment to Better Detail the Application Logic
3284,https://github.com/openmrs/openmrs-core/commit/2a05e3128,FALSE POSITIVE
3290,https://github.com/bndtools/bnd/commit/d836bcf41,Improved Wording of Comments
3300,https://github.com/nayuki/QR-Code-generator/commit/95e5f14,Updated Comment to Better Explain Methods Usage
3317,https://github.com/google/blockly-android/commit/30f66f7a,Updated Comment to Better Detail the Application Logic
3322,https://github.com/Pi4J/pi4j/commit/fff3e1db,Updated Comment to Better Match the Application Logic
3323,https://github.com/restlet/restlet-framework-java/commit/0763278ff,Improved Formatting of Comments
3325,https://github.com/h2database/h2database/commit/228f37b22,Deleted Outdated Comment
3348,https://github.com/Alluxio/alluxio/commit/329d567eb4,Fixed Typos
3356,https://github.com/processing/processing-android/commit/883785b9,Added Comments Explaining the Rationale for Implementation Choice
3367,https://github.com/OpenNMS/opennms/commit/7c70d666ad6,Add @deprecated to Javadoc of Deprecated Class
3368,https://github.com/javamelody/javamelody/commit/ecb057bb,Updated Javadoc Comment To Correctly Reference a Class
3380,https://github.com/Adobe-Consulting-Services/acs-aem-commons/commit/f94816f2,FALSE POSITIVE
3381,https://github.com/SeleniumHQ/selenium/commit/e7560b3744,Updated Comment to Better Match the Application Logic
3386,https://github.com/wordpress-mobile/WordPress-Android/commit/7a30de0dfc,Added Comment to Document if Condition
3398,https://github.com/wordpress-mobile/WordPress-Android/commit/533cc9bfad,Updated Comment as Consequence of Refactoring (Renamed Element in GUI)
3400,https://github.com/qii/weiciyuan/commit/43b019e9,FALSE POSITIVE
3406,https://github.com/panpf/sketch/commit/28342c18,Updated Comment to Better Detail the Application Logic
3412,https://github.com/google/guava/commit/6d8d9d97f,Updated Comment to Replace Reference to Deprecated Class/Method
3418,https://github.com/marytts/marytts/commit/57d6509cb,Updated Comment as Consequence of Refactoring (Renamed Element in GUI)
3446,https://github.com/confluentinc/kafka-streams-examples/commit/0fcc18d,FALSE POSITIVE
3447,https://github.com/igniterealtime/Openfire/commit/6c135f4c3,Add Copyright Comment
3456,https://github.com/yegor256/takes/commit/a43115ce5,Update Comment to Make It More Concise
3460,https://github.com/census-instrumentation/opencensus-java/commit/2199e486,Updated Comment To Match the New Application Logic
3465,https://github.com/googleapis/google-cloud-java/commit/bcb9a59816,Improved Wording of Comments
3474,https://github.com/h2database/h2database/commit/8a4718f38,Improved Wording of Comments
3489,https://github.com/apache/apex-core/commit/80efa36a8,FALSE POSITIVE
3533,https://github.com/freenet/fred/commit/81fe77293,FALSE POSITIVE
3537,https://github.com/classgraph/classgraph/commit/98a383af,Improved Wording of Comments
3540,https://github.com/itext/itextpdf/commit/c4b92c95b,Updated Comment to Better Detail the Application Logic
3561,https://github.com/pmd/pmd/commit/91b8a22b4,Updated Comment To Match the New Application Logic
3563,https://github.com/Alluxio/alluxio/commit/10cb1994e0,"Updated Technical Debt Comment (e.g., TODO, TOFIX)"
3567,https://github.com/ReactiveX/RxNetty/commit/71dd1b36,Updated Comment to Fix Wrong Link
3570,https://github.com/CogComp/cogcomp-nlp/commit/4c679cab,Added Missing Comments
3579,https://github.com/bazelbuild/bazel/commit/cc45629a68,Deleted Outdated Comment
3586,https://github.com/unofficial-openjdk/openjdk/commit/0efaa1d3cde,Updated Comment to Better Detail the Application Logic
3591,https://github.com/OpenNMS/opennms/commit/1ed8cf6b6bf,Update Copyright/License
3596,https://github.com/streamsets/datacollector/commit/973c5dfa28,Updated Comment To Match the New Application Logic
3597,https://github.com/apache/hive/commit/e9a72189ed,Updated Comment to Better Detail the Application Logic
3644,https://github.com/googlemaps/android-maps-utils/commit/2601e3c,Improved Wording of Comments
3658,https://github.com/Alluxio/alluxio/commit/4213c28b0e,Deleted Outdated Comment
3660,https://github.com/ankidroid/Anki-Android/commit/c8c4d0727,Updated Comment To Match the New Application Logic
3666,https://github.com/deeplearning4j/deeplearning4j/commit/fa86b86f27,FALSE POSITIVE
3674,https://github.com/Netflix/eureka/commit/5453c341,Updated Comment to Fix Wrong Link
3693,https://github.com/CyanogenMod/android_frameworks_base/commit/248edc3e969,Improved Wording of Comments
3711,https://github.com/nuls-io/nuls/commit/e4e51d31d,Improved Formatting of Comments
3759,https://github.com/ArcBees/GWTP/commit/bf670666b,Updated Comment to Fix Wrong Return Type in Example Code
3787,https://github.com/Alluxio/alluxio/commit/8ec4b0edb4,FALSE POSITIVE
3800,https://github.com/vaadin/framework/commit/61e5a7ae2c,FALSE POSITIVE
3802,https://github.com/gerrit-review/gerrit/commit/4a11e44a85,FALSE POSITIVE
3822,https://github.com/rackerlabs/blueflood/commit/e807c5a0,Updated Comment to Better Detail the Application Logic
3832,https://github.com/watson-developer-cloud/java-sdk/commit/0d9028600e,FALSE POSITIVE
3835,https://github.com/abixen/abixen-platform/commit/38ca9001,FALSE POSITIVE
3847,https://github.com/cwensel/cascading/commit/78489299,Added Missing Comments
3867,https://github.com/Netflix/servo/commit/9c8814e,Fixed Typos
3869,https://github.com/Netflix/eureka/commit/6c2db95a,Updated Comment to Better Match the Application Logic
3873,https://github.com/google/closure-compiler/commit/9319f1bc7,Simplified Comments
3876,https://github.com/VoltDB/voltdb/commit/27fab7d456,FALSE POSITIVE
3889,https://github.com/Alluxio/alluxio/commit/79b44a1790,Updated Comment to Better Detail the Application Logic
3895,https://github.com/OpenNMS/opennms/commit/525ba95f02d,Update Copyright/License
3908,https://github.com/networknt/light-4j/commit/41ec1202,Added Missing Comments
3909,https://github.com/apache/incubator-pinot/commit/2bf6cef01,Deleted Technical Debt Comment with Updated Code Implementation
3928,https://github.com/bitcoinj/bitcoinj/commit/302bb3e2,Updated Comment to Better Detail the Application Logic
3947,https://github.com/TEAMMATES/teammates/commit/55daac03b,FALSE POSITIVE
3958,https://github.com/nextcloud/android/commit/aed11147e,Updated Comment to Fix Supported Version
3987,https://github.com/freenet/fred/commit/afa5116b9,FALSE POSITIVE
3994,https://github.com/strapdata/elassandra/commit/0c09bf2b18,Deleted Outdated Comment
4030,https://github.com/openhab/openhab1-addons/commit/081afb578,Updated Comment to Add Reference Explaining Rationale for New Implementation
4033,https://github.com/nickbutcher/plaid/commit/2d20694f,Update Comment of Deprecated Attribute
4035,https://github.com/TEAMMATES/teammates/commit/6693e761a,Updated Comment to Better Match the Application Logic
4044,https://github.com/apache/incubator-weex/commit/9079ade52,Added Missing Comments
4045,https://github.com/apache/lucene-solr/commit/413555651d,Deleted Outdated Comment
4053,https://github.com/apache/groovy/commit/2db6e8d41a,"Updated Comment to Include Variable (i.e., #ALLOWED_JDKS) rather than specific values"
4055,https://github.com/openhab/openhab1-addons/commit/df65f7784,Improved Wording of Comments
4060,https://github.com/apache/curator/commit/c71a5a7a,Updated Comment to Better Explain Methods Usage
4073,https://github.com/apache/cassandra/commit/370b0ec2f2,Deleted Comment Explaining the Rationale for Implementation Choice
4102,https://github.com/watson-developer-cloud/java-sdk/commit/1ff401cfd1,Update Comment to Make It More Concise
4105,https://github.com/apiman/apiman/commit/4fc9b7381,Updated Comment to Match New Method Signature
4109,https://github.com/consulo/consulo/commit/6e64738d251,FALSE POSITIVE
4113,https://github.com/VoltDB/voltdb/commit/aa665037b0,FALSE POSITIVE
4139,https://github.com/nayuki/QR-Code-generator/commit/f9a40a3,Updated Comment to Better Match the Application Logic
4142,https://github.com/sleuthkit/autopsy/commit/29d9dec46,FALSE POSITIVE
4183,https://github.com/apache/incubator-skywalking/commit/eacc014ee,Improved Wording of Comments
4198,https://github.com/carymrobbins/intellij-haskforce/commit/3aef3b87,Added Comments Explaining the Rationale for Implementation Choice
4224,https://github.com/MorphiaOrg/morphia/commit/928d97ab3,Fixed Typos
4225,https://github.com/eclipse-vertx/vert.x/commit/60db84102,Updated comment to Better Detail the Method Return Value
4243,https://github.com/BaseXdb/basex/commit/1af94851b,Updated Comment to Better Detail the Application Logic
4248,https://github.com/nathanmarz/storm/commit/094eed83,Deleted Comment
4270,https://github.com/freenet/fred/commit/9075a12cf,FALSE POSITIVE
4289,https://github.com/eclipse/paho.mqtt.java/commit/d255844,Comment Unfinished Tests
4293,https://github.com/qaprosoft/carina/commit/18bda33f,FALSE POSITIVE
4308,https://github.com/javaee/glassfish/commit/16bf5fcb29,Updated Comment to Better Detail the Application Logic
4318,https://github.com/bitcoinj/bitcoinj/commit/4d1e6259,FALSE POSITIVE
4331,https://github.com/wordpress-mobile/WordPress-Android/commit/5233d9d583,Improved Wording of Comments
4334,https://github.com/google/blockly-android/commit/2a5b61b5,Added Missing Comments
4344,https://github.com/haiwen/seadroid/commit/e4d8afe9,Updated Comment to Match Renamed Variables/Methods
4345,https://github.com/phishman3579/java-algorithms-implementation/commit/009be3b,Added Comment to Document if Condition
4347,https://github.com/jboss-javassist/javassist/commit/e3f096d,Updated Comment to Better Detail the Application Logic
4349,https://github.com/gwtproject/gwt/commit/a391251a4,Updated Comment to Document a Bug in the Code
4359,https://github.com/igniterealtime/Smack/commit/ae17aca12,Added Parameters Example in Method Comment
4415,https://github.com/aosp-mirror/platform_frameworks_base/commit/8a4275f09f6,Updated Comment to Better Detail the Application Logic
4429,https://github.com/react-native-community/react-native-svg/commit/50905d8,Deleted Outdated Comment
4437,https://github.com/SonarSource/sonarqube/commit/a683e7b644,FALSE POSITIVE
4450,https://github.com/apache/lucene-solr/commit/aefe15aad9,Deleted Outdated Comment
4456,https://github.com/orientechnologies/orientdb/commit/b191b6ae92,Added Missing Comments
4470,https://github.com/caprica/vlcj/commit/b3b2a9bd,Improved Wording of Comments
4481,https://github.com/CellularPrivacy/Android-IMSI-Catcher-Detector/commit/659d3a44,Added Missing Comments
4486,https://github.com/unclebob/fitnesse/commit/52c0643f9,FALSE POSITIVE
4492,https://github.com/unofficial-openjdk/openjdk/commit/487ce0cd5fc,Updated Comment to Match New Application Logic
4500,https://github.com/jeremylong/DependencyCheck/commit/0c100c13,Fixed Typos
4519,https://github.com/alkacon/opencms-core/commit/d41363e1f5,Updated a Wrong Parameter Description
4550,https://github.com/flowable/flowable-engine/commit/064b0d5a85,FALSE POSITIVE
4556,https://github.com/apache/apex-core/commit/5494fe95c,Updated Comment To Match the New Application Logic
4566,https://github.com/wordpress-mobile/WordPress-Android/commit/04ee958211,Updated Misleading Comment to Describe the Correct Behavior
4577,https://github.com/openhab/openhab2-addons/commit/5d9f2da3d,Update JavaDoc @since tag
4587,https://github.com/jenkinsci/jenkins/commit/73706a45bc,Updated Comment to Document a Bug in the Code
4627,https://github.com/owncloud/android/commit/b7f0e8675,"Deleted Technical Debt Comment (e.g., TODO, TOFIX)"
4628,https://github.com/ReactiveX/RxJava/commit/dcb5d79b8,Update Comment to Make It More Concise
4638,https://github.com/opentripplanner/OpenTripPlanner/commit/1f4177abe,Updated Comment To Match the New Application Logic
4642,https://github.com/gephi/gephi/commit/7b36dbfe0,General Improvement of Javadoc Comments (i.e. for the purpose to improve Javadoc of the project)
4644,https://github.com/findbugsproject/findbugs/commit/72cf734d2,Deleted Technical Debt Comment to match Updated Code Implementation
4663,https://github.com/TEAMMATES/teammates/commit/2358dbd21,Added Comment for New Code
4675,https://github.com/consulo/consulo/commit/6bdc1227ebb,FALSE POSITIVE
4686,https://github.com/apache/guacamole-client/commit/f0b36ca5,Improved Wording of Comments
4696,https://github.com/classgraph/classgraph/commit/6e0c78f3,Updated Comment to Better Document Switch/Case
4733,https://github.com/sleuthkit/autopsy/commit/2111361ce,Comment Code
4757,https://github.com/OpenLiberty/open-liberty/commit/673c30ae8,"Deleted Technical Debt Comment (e.g., TODO, TOFIX)"
4758,https://github.com/watson-developer-cloud/java-sdk/commit/c304563fab,Improved Formatting of Comments
4767,https://github.com/testcontainers/testcontainers-java/commit/e536640,Updated Comment to Better Match the Application Logic
4776,https://github.com/hcoles/pitest/commit/f6b06199,Improved Wording of Comments
4782,https://github.com/TEAMMATES/teammates/commit/d72831881,FALSE POSITIVE
4784,https://github.com/ballerina-platform/ballerina-lang/commit/31c7d3ca72,Improved Wording of Comments
4801,https://github.com/Alluxio/alluxio/commit/6116acbc91,Updated Misleading Comment to Describe the Correct Behavior
4837,https://github.com/sakaiproject/sakai/commit/7c044ebe88,FALSE POSITIVE
4846,https://github.com/h2oai/h2o-3/commit/cc1fa58006,Improved Wording of Comments
4862,https://github.com/Alluxio/alluxio/commit/3ce5be409d,Updated Comment to Match Renamed Variables/Methods
4867,https://github.com/sk89q/WorldGuard/commit/f00352cd,Added Comment to Document if Condition
4874,https://github.com/termux/termux-app/commit/798125e,Deleted Outdated Comment
4878,https://github.com/CyanogenMod/android_frameworks_base/commit/13fd561848e,Updated Comment to Better Detail the Application Logic
4881,https://github.com/Alluxio/alluxio/commit/f615234fdf,General Improvement of Javadoc Comments (i.e. for the purpose to improve Javadoc of the project)
4885,https://github.com/linkedin/sensei/commit/fcbcda3a,Comment Code
4891,https://github.com/gchq/Gaffer/commit/621e1d34ed,Improved Wording of Comments
4911,https://github.com/freenet/fred/commit/a5f8e0207,FALSE POSITIVE
4912,https://github.com/freenet/fred/commit/33b78c57c,"Updated Technical Debt Comment (e.g., TODO, TOFIX)"
4919,https://github.com/datumbox/datumbox-framework/commit/391cfd45,FALSE POSITIVE
4924,https://github.com/apache/accumulo/commit/c5d2bd54a,FALSE POSITIVE
4953,https://github.com/jboss-javassist/javassist/commit/d59bfd2,Deleted Technical Debt Comment to match Updated Code Implementation
4955,https://github.com/lets-blade/blade/commit/5bdb0126,Updated Comment To Match the New Application Logic
4992,https://github.com/neo4j/neo4j/commit/41ba80be48d,"Updated Technical Debt Comment (e.g., TODO, TOFIX)"
4996,https://github.com/rstudio/rstudio/commit/3f13fab048,"Updated Technical Debt Comment (e.g., TODO, TOFIX)"
5045,https://github.com/opentripplanner/OpenTripPlanner/commit/5b102f700,Updated Comment to Better Detail the Application Logic
5060,https://github.com/classgraph/classgraph/commit/f9ed8a2c,Added Comment to Document if Condition
5063,https://github.com/UniversalMediaServer/UniversalMediaServer/commit/d129c7d80,Added Comment for New Code
5073,https://github.com/JanusGraph/janusgraph/commit/825107ccb,"Updated Technical Debt Comment (e.g., TODO, TOFIX)"
5090,https://github.com/xwiki/xwiki-platform/commit/2b1e58ae5a,Deleted Outdated Comment
5104,https://github.com/apache/incubator-heron/commit/603b2de9a,FALSE POSITIVE
5114,https://github.com/google/closure-compiler/commit/159d8c676,"Added Technical Debt Comment (e.g., TODO, TOFIX)"
5123,https://github.com/spacewalkproject/spacewalk/commit/35d9a4b6ea,Delete Commented Code
5134,https://github.com/DSpace/DSpace/commit/40e9b0707,Added Missing Comments
5144,https://github.com/AsyncHttpClient/async-http-client/commit/f812fe283,"Deleted Technical Debt Comment (e.g., TODO, TOFIX)"
5170,https://github.com/bumptech/glide/commit/3621c9213,Updated a Wrong Parameter Description
5185,https://github.com/jMonkeyEngine/jmonkeyengine/commit/5facee58e,FALSE POSITIVE
5200,https://github.com/apache/ofbiz/commit/0972d35be8,Added Comment with Commented Code
5219,https://github.com/QuantumBadger/RedReader/commit/b1d0ecc,FALSE POSITIVE
5221,https://github.com/apache/tomcat/commit/7bd93f439,Updated Comment To Match the New Application Logic
5238,https://github.com/rsksmart/rskj/commit/8d369d1f,Deleted Outdated Comment
5244,https://github.com/typetools/checker-framework/commit/c62d707bb,Updated Comment To Match the New Application Logic
5254,https://github.com/liferay/liferay-plugins/commit/6f6ab84583,FALSE POSITIVE
5272,https://github.com/freenet/fred/commit/54309442c,FALSE POSITIVE
5273,https://github.com/CyanogenMod/android_frameworks_base/commit/7836660f5eb,Added Comments Explaining What Attributes Represent
5276,https://github.com/apache/cassandra/commit/c57e7c9e87,Simplified Comments
5284,https://github.com/unofficial-openjdk/openjdk/commit/5c3f6fd2ad0,FALSE POSITIVE
5285,https://github.com/yegor256/takes/commit/f7d29b439,Updated Comment to Better Detail the Application Logic
5295,https://github.com/watson-developer-cloud/java-sdk/commit/cff0ed8a9b,FALSE POSITIVE
5296,https://github.com/neo4j/neo4j/commit/2a8057a9971,FALSE POSITIVE
5308,https://github.com/MachinePublishers/jBrowserDriver/commit/c0f7a57,Added Missing Comments
5325,https://github.com/treasure-data/digdag/commit/633ba37e6d,Updated Comment to Better Detail the Application Logic
5329,https://github.com/jboss-javassist/javassist/commit/d3f0404,Added Comments Explaining What Attributes Represent
5337,https://github.com/testwhat/SmaliEx/commit/1834b365,FALSE POSITIVE
5350,https://github.com/realm/realm-java/commit/908ed1afe,Updated Misleading Comment to Describe the Correct Behavior
5354,https://github.com/liferay/liferay-plugins/commit/c5e17ccab6,FALSE POSITIVE
5366,https://github.com/gocd/gocd/commit/1a6616396,FALSE POSITIVE
5368,https://github.com/gchq/Gaffer/commit/87c3ec257c,Add Annotation According to Javadoc Comment
5370,https://github.com/ccrama/Slide/commit/4340e76f,FALSE POSITIVE
5375,https://github.com/ballerina-platform/ballerina-lang/commit/294b49bc74,Improved Formatting of Comments
5382,https://github.com/sleuthkit/autopsy/commit/86cc39fb6,Improved Wording of Comments
5383,https://github.com/treasure-data/digdag/commit/e453931f10,Added Missing Comments
5385,https://github.com/apache/groovy/commit/86963ae8b0,Update Copyright/License
5389,https://github.com/VoltDB/voltdb/commit/8e5a7b8d31,FALSE POSITIVE
5395,https://github.com/classgraph/classgraph/commit/49b4455c,Improved Wording of Comments
5399,https://github.com/typetools/checker-framework/commit/6dc002a52,Updated comment to Better Detail the Method Return Value
5401,https://github.com/adempiere/adempiere/commit/7a087ce21,Update Copyright/License
5421,https://github.com/consulo/consulo/commit/099455b19c7,FALSE POSITIVE
5432,https://github.com/phishman3579/java-algorithms-implementation/commit/7810d7e,Improved Formatting of Comments
5438,https://github.com/apache/incubator-druid/commit/b6dd2fae6,FALSE POSITIVE
5446,https://github.com/restlet/restlet-framework-java/commit/31b9494ad,Improved Wording of Comments
5457,https://github.com/psi-probe/psi-probe/commit/9755fd67,Update Comment Due to Change in Underlying Framework/Library
5469,https://github.com/elastic/elasticsearch-hadoop/commit/899e2bb5,Update Copyright/License
5492,https://github.com/spotbugs/spotbugs/commit/68ac0f5f2,Updated Comment to Match New Application Logic
5514,https://github.com/TEAMMATES/teammates/commit/bd72be422,FALSE POSITIVE
5518,https://github.com/SpigotMC/BungeeCord/commit/b25c81da,Added Comment for New Code
5521,https://github.com/plutext/docx4j/commit/c5f4d07b,Updated Comment to Better Detail the Application Logic
5531,https://github.com/Netflix/eureka/commit/fed4b669,Added Missing Comments
5537,https://github.com/jitsi/jitsi/commit/f735b86f4,Updated comment to Better Detail the Method Return Value
5547,https://github.com/NemProject/nem.core/commit/5edee71,Unclear
5573,https://github.com/j256/ormlite-core/commit/9f748585,Updated Comment to Better Explain Methods Usage
5578,https://github.com/pac4j/pac4j/commit/3c0536d0b,FALSE POSITIVE
5596,https://github.com/tillnagel/unfolding/commit/6c6b843,Comment Code
5615,https://github.com/apache/guacamole-client/commit/7abf9f2f,Updated Comment to Better Detail the Application Logic
5652,https://github.com/vespa-engine/vespa/commit/1b5b09f48e,Updated Comment to Better Detail the Application Logic
5662,https://github.com/jclouds/jclouds/commit/4c5cef1be4,Updated Comment to Better Match the Application Logic
5665,https://github.com/internetarchive/heritrix3/commit/e6e415b9,FALSE POSITIVE
5667,https://github.com/iotaledger/iri/commit/fe26785f,Specified meaning of Methods parameter
5670,https://github.com/opentripplanner/OpenTripPlanner/commit/19c1cc0ed,Updated Comment To Match the New Application Logic
5678,https://github.com/apache/hive/commit/10713b6afb,Updated Comment To Match the New Application Logic
5688,https://github.com/vespa-engine/vespa/commit/795d0dee12,Deleted Outdated Comment
